{"0": {"train_accuracy": [0.1105, 0.384, 0.3915, 0.3955, 0.3985, 0.397, 0.397, 0.397, 0.3955, 0.396, 0.401, 0.4015, 0.396, 0.3975, 0.3995, 0.3985, 0.401, 0.398, 0.398, 0.397, 0.399, 0.3955, 0.3955, 0.4, 0.4, 0.401, 0.3995, 0.4015, 0.3975, 0.4, 0.3955, 0.4025, 0.402, 0.4, 0.4035, 0.4015, 0.402, 0.403, 0.4025, 0.4035, 0.401, 0.4025, 0.4025, 0.4025, 0.4015, 0.4035, 0.3985, 0.4035, 0.4035, 0.4015, 0.4035], "validation_accuracy": [0.103, 0.376, 0.3785, 0.379, 0.3805, 0.3805, 0.3805, 0.3835, 0.377, 0.377, 0.383, 0.383, 0.379, 0.379, 0.381, 0.377, 0.385, 0.3805, 0.3805, 0.3795, 0.382, 0.376, 0.3785, 0.38, 0.377, 0.381, 0.3805, 0.3825, 0.381, 0.3835, 0.3775, 0.3825, 0.3795, 0.3815, 0.384, 0.3795, 0.382, 0.3825, 0.383, 0.3825, 0.3795, 0.3815, 0.3815, 0.3825, 0.3815, 0.3825, 0.3765, 0.382, 0.383, 0.3805, 0.3815], "train_loss": [11.365912437438965, 1.668768286705017, 1.6461433172225952, 1.6310862302780151, 1.6199376583099365, 1.6162314414978027, 1.6128923892974854, 1.612714409828186, 1.614203929901123, 1.6172057390213013, 1.608917474746704, 1.603712797164917, 1.6185462474822998, 1.6104376316070557, 1.6081160306930542, 1.6163444519042969, 1.6049553155899048, 1.610292911529541, 1.6118565797805786, 1.6192854642868042, 1.612344741821289, 1.6211552619934082, 1.6242687702178955, 1.6100064516067505, 1.606736660003662, 1.6068170070648193, 1.609379768371582, 1.60282564163208, 1.609418511390686, 1.6053805351257324, 1.6232599020004272, 1.6009083986282349, 1.6023136377334595, 1.606400966644287, 1.5978121757507324, 1.6017343997955322, 1.600168228149414, 1.5996084213256836, 1.6008174419403076, 1.597719430923462, 1.6035854816436768, 1.6028982400894165, 1.598966360092163, 1.6012399196624756, 1.6023684740066528, 1.5978598594665527, 1.6152019500732422, 1.5970145463943481, 1.5966843366622925, 1.604144811630249, 1.598180890083313], "validation_loss": [11.629590034484863, 1.6917012929916382, 1.6788487434387207, 1.6716073751449585, 1.6678048372268677, 1.6703522205352783, 1.67341148853302, 1.6626148223876953, 1.6726815700531006, 1.679585576057434, 1.6691949367523193, 1.6735613346099854, 1.6762179136276245, 1.6780861616134644, 1.6689398288726807, 1.690150499343872, 1.674917221069336, 1.6714370250701904, 1.6658549308776855, 1.6981890201568604, 1.6673702001571655, 1.6859560012817383, 1.6813578605651855, 1.6835722923278809, 1.6893967390060425, 1.6769682168960571, 1.6792539358139038, 1.679880142211914, 1.697904348373413, 1.6864022016525269, 1.6995769739151, 1.691860556602478, 1.6837348937988281, 1.6977035999298096, 1.686268925666809, 1.6956615447998047, 1.691304087638855, 1.6995643377304077, 1.6888424158096313, 1.6822978258132935, 1.6856516599655151, 1.684647560119629, 1.6987613439559937, 1.6938320398330688, 1.7026774883270264, 1.693809151649475, 1.7198150157928467, 1.7038888931274414, 1.688888430595398, 1.7058557271957397, 1.692332148551941], "train_gradient_norm": [8.121355056762695, 6.80028772354126, 6.521296501159668, 5.153325080871582, 5.21442985534668, 3.060164451599121, 4.124953269958496, 5.092714786529541, 2.513190507888794, 2.3687148094177246, 1.4794785976409912, 2.89369535446167, 3.837153434753418, 1.3398207426071167, 3.8098156452178955, 2.5024149417877197, 2.915250539779663, 3.8476009368896484, 3.1696810722351074, 0.9442799687385559, 2.5792765617370605, 1.1114082336425781, 1.065771222114563, 5.334926128387451, 1.8551709651947021, 2.541635036468506, 1.0671151876449585, 3.0814409255981445, 1.0517551898956299, 2.6593406200408936, 0.03456554934382439, 0.44820690155029297, 0.41274598240852356, 0.0021542527247220278, 1.8891178369522095, 0.18309907615184784, 1.3322676420211792, 0.4974299967288971, 0.29547250270843506, 0.6965090036392212, 0.8307111263275146, 0.0872689038515091, 0.4591928720474243, 0.3289850950241089, 0.8623097538948059, 4.2123799324035645, 0.013447056524455547, 0.18131929636001587, 0.12510336935520172, 1.1453341245651245]}, "1": {"train_accuracy": [0.1475, 0.282, 0.2965, 0.3755, 0.3715, 0.3805, 0.388, 0.388, 0.39, 0.387, 0.3915, 0.395, 0.435, 0.4525, 0.4515, 0.4445, 0.44, 0.448, 0.529, 0.5375, 0.545, 0.545, 0.5455, 0.5485, 0.6245, 0.6265, 0.6295, 0.6315, 0.637, 0.641, 0.6405, 0.643, 0.641, 0.6495, 0.6475, 0.651, 0.6505, 0.654, 0.6505, 0.652, 0.655, 0.655, 0.653, 0.657, 0.654, 0.6605, 0.654, 0.659, 0.6485, 0.653, 0.6615], "validation_accuracy": [0.1535, 0.277, 0.287, 0.363, 0.36, 0.364, 0.3715, 0.371, 0.37, 0.3725, 0.3735, 0.3805, 0.4215, 0.442, 0.4385, 0.433, 0.4235, 0.4255, 0.5155, 0.519, 0.52, 0.5165, 0.5225, 0.524, 0.6, 0.601, 0.6065, 0.6095, 0.603, 0.6045, 0.6055, 0.6055, 0.601, 0.6065, 0.605, 0.606, 0.6105, 0.6125, 0.613, 0.6125, 0.6115, 0.6115, 0.616, 0.603, 0.6085, 0.6095, 0.607, 0.615, 0.6065, 0.609, 0.604], "train_loss": [13.29474925994873, 1.895092487335205, 1.7455490827560425, 1.5843209028244019, 1.5436432361602783, 1.5210158824920654, 1.5033005475997925, 1.497653841972351, 1.4860553741455078, 1.4894379377365112, 1.4754828214645386, 1.4804435968399048, 1.3657801151275635, 1.3310633897781372, 1.3325873613357544, 1.336768627166748, 1.3576520681381226, 1.3293670415878296, 1.1807793378829956, 1.1537872552871704, 1.1348775625228882, 1.1334048509597778, 1.117822289466858, 1.1080929040908813, 0.9291468858718872, 0.9084033370018005, 0.9066470861434937, 0.8889362812042236, 0.8698297739028931, 0.8674642443656921, 0.8635436296463013, 0.854705810546875, 0.8576255440711975, 0.838675856590271, 0.841920793056488, 0.8270784616470337, 0.8266740441322327, 0.8290833234786987, 0.8340151309967041, 0.8255994319915771, 0.816967248916626, 0.8190329074859619, 0.8224902153015137, 0.8154392242431641, 0.8061339855194092, 0.7975888848304749, 0.8012174963951111, 0.8078898787498474, 0.8169965147972107, 0.8108557462692261, 0.7950271368026733], "validation_loss": [13.57898235321045, 1.9205185174942017, 1.773240089416504, 1.6092315912246704, 1.5825008153915405, 1.5661566257476807, 1.5462301969528198, 1.5559548139572144, 1.5535537004470825, 1.5559618473052979, 1.5567924976348877, 1.558506965637207, 1.4263708591461182, 1.4093717336654663, 1.4133511781692505, 1.4236680269241333, 1.4426279067993164, 1.4281244277954102, 1.2601596117019653, 1.2571556568145752, 1.255514144897461, 1.2635042667388916, 1.260439157485962, 1.2586582899093628, 1.0273951292037964, 1.0247572660446167, 1.0343151092529297, 1.035881757736206, 1.024166226387024, 1.0334094762802124, 1.0420526266098022, 1.0431978702545166, 1.051970362663269, 1.0609230995178223, 1.0711122751235962, 1.0751320123672485, 1.0668214559555054, 1.0848026275634766, 1.0854026079177856, 1.0843720436096191, 1.0844210386276245, 1.0743502378463745, 1.0994926691055298, 1.1104750633239746, 1.1120498180389404, 1.1136434078216553, 1.1141079664230347, 1.1096441745758057, 1.1435842514038086, 1.147042989730835, 1.1571507453918457], "train_gradient_norm": [0.46096062660217285, 9.693059921264648, 6.206272602081299, 7.462939739227295, 7.675907135009766, 3.9692764282226562, 8.066357612609863, 7.216604232788086, 5.631655216217041, 4.027953624725342, 4.7785797119140625, 5.847824573516846, 4.523782253265381, 8.121376037597656, 7.416586399078369, 5.359563827514648, 6.4813642501831055, 7.597183704376221, 7.186227321624756, 6.786386489868164, 6.464264392852783, 7.402018070220947, 6.958466053009033, 7.144387722015381, 9.265052795410156, 7.370691776275635, 5.807196140289307, 8.207247734069824, 6.87178897857666, 7.380083084106445, 6.794073104858398, 7.357522964477539, 4.253761291503906, 7.9326558113098145, 7.343533515930176, 7.119568347930908, 9.14228630065918, 7.100103855133057, 7.518295764923096, 7.212022304534912, 8.485855102539062, 6.938350200653076, 6.966396808624268, 8.276836395263672, 7.818485736846924, 4.219990253448486, 3.604395866394043, 7.439359664916992, 6.488185882568359, 5.349832057952881]},