{"0": {"train_accuracy": [0.063, 0.7935, 0.8755, 0.8855, 0.8855, 0.894, 0.899, 0.9035, 0.9075, 0.907, 0.9105, 0.913, 0.916, 0.917, 0.921, 0.9235, 0.9265, 0.9285, 0.9295, 0.933, 0.933, 0.9355, 0.938, 0.9385, 0.939, 0.9425, 0.9455, 0.9475, 0.949, 0.951, 0.954, 0.9545, 0.9565, 0.9575, 0.959, 0.9595, 0.9585, 0.961, 0.962, 0.964, 0.9655, 0.9665, 0.9685, 0.9705, 0.9715, 0.973, 0.974, 0.976, 0.9785, 0.981, 0.982], "validation_accuracy": [0.0715, 0.7835, 0.8615, 0.868, 0.88, 0.878, 0.8825, 0.8855, 0.886, 0.888, 0.8895, 0.8925, 0.893, 0.894, 0.894, 0.8925, 0.893, 0.892, 0.8915, 0.891, 0.891, 0.891, 0.892, 0.894, 0.8955, 0.895, 0.8945, 0.896, 0.8965, 0.8955, 0.895, 0.8955, 0.896, 0.895, 0.899, 0.8985, 0.898, 0.899, 0.899, 0.899, 0.8985, 0.8995, 0.8995, 0.9, 0.8975, 0.897, 0.897, 0.898, 0.897, 0.8965, 0.895], "train_loss": [2.3006598949432373, 0.6152244806289673, 0.3755827248096466, 0.3326946794986725, 0.3129047751426697, 0.2980092167854309, 0.28582897782325745, 0.2751638889312744, 0.26535484194755554, 0.2563881278038025, 0.24805961549282074, 0.23989935219287872, 0.23167277872562408, 0.22424231469631195, 0.21683982014656067, 0.20932258665561676, 0.20253697037696838, 0.1960826814174652, 0.18972864747047424, 0.1837039738893509, 0.1776435226202011, 0.17176519334316254, 0.1658565253019333, 0.16024821996688843, 0.1548551768064499, 0.14952130615711212, 0.14426511526107788, 0.1392555683851242, 0.1345851570367813, 0.12973785400390625, 0.12540331482887268, 0.12656113505363464, 0.11594092100858688, 0.11216916888952255, 0.10855285823345184, 0.10409857332706451, 0.10102394968271255, 0.09766822308301926, 0.09492607414722443, 0.09164628386497498, 0.08911893516778946, 0.08578430116176605, 0.0828520879149437, 0.07976363599300385, 0.07778125256299973, 0.07448285818099976, 0.07212655991315842, 0.06951361894607544, 0.06720922142267227, 0.063749298453331, 0.06062610074877739], "validation_loss": [2.3030219078063965, 0.665592610836029, 0.40530475974082947, 0.37069612741470337, 0.3547731935977936, 0.3436012268066406, 0.3349188566207886, 0.32823747396469116, 0.32272931933403015, 0.31822508573532104, 0.3150480389595032, 0.31207746267318726, 0.30941033363342285, 0.30749261379241943, 0.30658045411109924, 0.3054022789001465, 0.3048672080039978, 0.3047747313976288, 0.3046332001686096, 0.30464836955070496, 0.3052235245704651, 0.30613523721694946, 0.3070290684700012, 0.30839845538139343, 0.3092072308063507, 0.3104313910007477, 0.3118307292461395, 0.3137374818325043, 0.31561917066574097, 0.31774744391441345, 0.3195955455303192, 0.31921905279159546, 0.32402151823043823, 0.3274255692958832, 0.33187344670295715, 0.33599478006362915, 0.3409504294395447, 0.34591805934906006, 0.35168981552124023, 0.35794997215270996, 0.3630678951740265, 0.3684149980545044, 0.3749295473098755, 0.38041505217552185, 0.38548514246940613, 0.3919956088066101, 0.39882925152778625, 0.4055047929286957, 0.41349631547927856, 0.42006877064704895, 0.42752283811569214], "train_gradient_norm": [0.8350115418434143, 0.9490346312522888, 0.979316234588623, 0.9896894693374634, 0.9958987832069397, 1.0082389116287231, 1.021713376045227, 1.0389114618301392, 1.0669525861740112, 1.0970563888549805, 1.13429594039917, 1.1687235832214355, 1.2115823030471802, 1.2493387460708618, 1.2793298959732056, 1.3098113536834717, 1.3493828773498535, 1.3746752738952637, 1.40065598487854, 1.4267537593841553, 1.4465895891189575, 1.442442774772644, 1.4463233947753906, 1.442788004875183, 1.4595729112625122, 1.4406687021255493, 1.444553256034851, 1.43740713596344, 1.4030784368515015, 1.3954615592956543, 1.386431336402893, 1.3594305515289307, 1.3350496292114258, 1.3101813793182373, 1.284340500831604, 1.2557119131088257, 1.24861741065979, 1.2284528017044067, 1.2193832397460938, 1.1920819282531738, 1.1999659538269043, 1.2071502208709717, 1.1644057035446167, 1.1795686483383179, 1.155260443687439, 1.1726235151290894, 1.1330195665359497, 1.1041789054870605, 1.148758053779602, 1.0650845766067505]}, "1": {"train_accuracy": [0.1505, 0.857, 0.875, 0.8855, 0.8925, 0.895, 0.9005, 0.9055, 0.908, 0.9095, 0.914, 0.917, 0.921, 0.9235, 0.926, 0.9265, 0.9285, 0.93, 0.9325, 0.9345, 0.937, 0.9395, 0.9425, 0.9425, 0.9445, 0.948, 0.9495, 0.953, 0.9555, 0.957, 0.9595, 0.961, 0.9625, 0.9635, 0.9645, 0.965, 0.966, 0.968, 0.9685, 0.969, 0.9695, 0.9705, 0.9725, 0.9745, 0.976, 0.976, 0.977, 0.978, 0.978, 0.9805, 0.9835], "validation_accuracy": [0.1475, 0.8435, 0.858, 0.8735, 0.877, 0.883, 0.8855, 0.8895, 0.89, 0.893, 0.8945, 0.895, 0.8945, 0.8975, 0.8955, 0.8955, 0.894, 0.894, 0.8945, 0.896, 0.897, 0.8975, 0.898, 0.8985, 0.899, 0.9005, 0.9015, 0.901, 0.9015, 0.9035, 0.903, 0.9035, 0.904, 0.904, 0.903, 0.903, 0.9015, 0.901, 0.902, 0.9025, 0.9005, 0.9015, 0.901, 0.901, 0.9025, 0.9015, 0.9005, 0.9, 0.9005, 0.9005, 0.898], "train_loss": [2.2972474098205566, 0.42366576194763184, 0.3619709610939026, 0.332507848739624, 0.31328222155570984, 0.2992047965526581, 0.28743281960487366, 0.2766512632369995, 0.26686519384384155, 0.2581653892993927, 0.2494836300611496, 0.24119624495506287, 0.23317906260490417, 0.22530053555965424, 0.21733100712299347, 0.209799662232399, 0.20245571434497833, 0.19532983005046844, 0.18863867223262787, 0.182351216673851, 0.1757008135318756, 0.1700650304555893, 0.16434045135974884, 0.15903745591640472, 0.153659850358963, 0.148040309548378, 0.14331649243831635, 0.13869072496891022, 0.13380858302116394, 0.1292634904384613, 0.12472628057003021, 0.12001486867666245, 0.11642343550920486, 0.11195068806409836, 0.10766389966011047, 0.10379292070865631, 0.09950840473175049, 0.09533766657114029, 0.09103582054376602, 0.08694899827241898, 0.08380447328090668, 0.07979243248701096, 0.07661812752485275, 0.07332199066877365, 0.07019682973623276, 0.06782490015029907, 0.06517670303583145, 0.06196453049778938, 0.05997166410088539, 0.057523008435964584, 0.05483090132474899], "validation_loss": [2.2990121841430664, 0.4457933306694031, 0.391165554523468, 0.3676365911960602, 0.35342931747436523, 0.3430449664592743, 0.33491912484169006, 0.3282293975353241, 0.3226805329322815, 0.31706956028938293, 0.31292614340782166, 0.3095777928829193, 0.30696406960487366, 0.30495959520339966, 0.3032771050930023, 0.30210551619529724, 0.3013671636581421, 0.3012394607067108, 0.30155646800994873, 0.30221521854400635, 0.303119421005249, 0.3045356869697571, 0.3059356212615967, 0.3071202337741852, 0.30893218517303467, 0.3106236159801483, 0.31273266673088074, 0.3153937757015228, 0.31798532605171204, 0.321405827999115, 0.32388195395469666, 0.3270726203918457, 0.3303523361682892, 0.33272090554237366, 0.33671268820762634, 0.3407458961009979, 0.34429940581321716, 0.3480815589427948, 0.3526591658592224, 0.3566198945045471, 0.36269131302833557, 0.3673502504825592, 0.3733069598674774, 0.37867942452430725, 0.38453808426856995, 0.39041000604629517, 0.39600202441215515, 0.40355727076530457, 0.4102763831615448, 0.4175264239311218, 0.42456942796707153], "train_gradient_norm": [0.9654303193092346, 0.9503476023674011, 0.9814719557762146, 1.0068093538284302, 1.0201998949050903, 1.0392582416534424, 1.0644757747650146, 1.0943318605422974, 1.1294169425964355, 1.1648341417312622, 1.2072041034698486, 1.2459489107131958, 1.2860292196273804, 1.3257145881652832, 1.3820668458938599, 1.426436185836792, 1.4549024105072021, 1.487284779548645, 1.5274457931518555, 1.5419564247131348, 1.5673398971557617, 1.5870579481124878, 1.592697262763977, 1.5981348752975464, 1.5870946645736694, 1.5967988967895508, 1.5784376859664917, 1.560793161392212, 1.5448017120361328, 1.5107908248901367, 1.5225352048873901, 1.4848496913909912, 1.4675564765930176, 1.4493712186813354, 1.4365226030349731, 1.3702419996261597, 1.3569002151489258, 1.341814637184143, 1.2760564088821411, 1.2986057996749878, 1.2467341423034668, 1.2824801206588745, 1.294680118560791, 1.2943370342254639, 1.2661415338516235, 1.2929449081420898, 1.2200756072998047, 1.2857099771499634, 1.2896738052368164, 1.3257951736450195]},