{"train_accuracy": [0.097, 0.097, 0.097, 0.097, 0.097, 0.097, 0.097, 0.097, 0.097, 0.097, 0.097, 0.097, 0.097, 0.097, 0.097, 0.097, 0.097, 0.097, 0.097, 0.097, 0.097, 0.097, 0.097, 0.097, 0.097, 0.097, 0.097, 0.097, 0.097, 0.097, 0.097, 0.097, 0.097, 0.097, 0.097, 0.097, 0.097, 0.097, 0.097, 0.097, 0.097, 0.097, 0.097, 0.097, 0.097, 0.097, 0.097, 0.097, 0.097, 0.097, 0.097], "validation_accuracy": [0.1, 0.1, 0.1, 0.1, 0.1, 0.1, 0.1, 0.1, 0.1, 0.1, 0.1, 0.1, 0.1, 0.1, 0.1, 0.1, 0.1, 0.1, 0.1, 0.1, 0.1, 0.1, 0.1, 0.1, 0.1, 0.1, 0.1, 0.1, 0.1, 0.1, 0.1, 0.1, 0.1, 0.1, 0.1, 0.1, 0.1, 0.1, 0.1, 0.1, 0.1, 0.1, 0.1, 0.1, 0.1, 0.1, 0.1, 0.1, 0.1, 0.1, 0.1], "train_loss": [2.30301833152771, 2.3024845123291016, 2.30246901512146, 2.3025331497192383, 2.3025853633880615, 2.3025853633880615, 2.3025853633880615, 2.3025853633880615, 2.3025853633880615, 2.3025853633880615, 2.3025853633880615, 2.3025853633880615, 2.3025853633880615, 2.3025853633880615, 2.3025853633880615, 2.3025853633880615, 2.3025853633880615, 2.3025853633880615, 2.3025853633880615, 2.3025853633880615, 2.3025853633880615, 2.3025853633880615, 2.3025853633880615, 2.3025853633880615, 2.3025853633880615, 2.3025853633880615, 2.3025853633880615, 2.3025853633880615, 2.3025853633880615, 2.3025853633880615, 2.3025853633880615, 2.3025853633880615, 2.3025853633880615, 2.3025853633880615, 2.3025853633880615, 2.3025853633880615, 2.3025853633880615, 2.3025853633880615, 2.3025853633880615, 2.3025853633880615, 2.3025853633880615, 2.3025853633880615, 2.3025853633880615, 2.3025853633880615, 2.3025853633880615, 2.3025853633880615, 2.3025853633880615, 2.3025853633880615, 2.3025853633880615, 2.3025853633880615, 2.3025853633880615], "validation_loss": [2.3033788204193115, 2.30275821685791, 2.302612781524658, 2.302584648132324, 2.3025853633880615, 2.3025853633880615, 2.3025853633880615, 2.3025853633880615, 2.3025853633880615, 2.3025853633880615, 2.3025853633880615, 2.3025853633880615, 2.3025853633880615, 2.3025853633880615, 2.3025853633880615, 2.3025853633880615, 2.3025853633880615, 2.3025853633880615, 2.3025853633880615, 2.3025853633880615, 2.3025853633880615, 2.3025853633880615, 2.3025853633880615, 2.3025853633880615, 2.3025853633880615, 2.3025853633880615, 2.3025853633880615, 2.3025853633880615, 2.3025853633880615, 2.3025853633880615, 2.3025853633880615, 2.3025853633880615, 2.3025853633880615, 2.3025853633880615, 2.3025853633880615, 2.3025853633880615, 2.3025853633880615, 2.3025853633880615, 2.3025853633880615, 2.3025853633880615, 2.3025853633880615, 2.3025853633880615, 2.3025853633880615, 2.3025853633880615, 2.3025853633880615, 2.3025853633880615, 2.3025853633880615, 2.3025853633880615, 2.3025853633880615, 2.3025853633880615, 2.3025853633880615], "train_gradient_norm": [0.06752823293209076, 0.0693608969449997, 0.07046546041965485, 0.0, 0.0, 0.0, 0.0, 0.0, 0.0, 0.0, 0.0, 0.0, 0.0, 0.0, 0.0, 0.0, 0.0, 0.0, 0.0, 0.0, 0.0, 0.0, 0.0, 0.0, 0.0, 0.0, 0.0, 0.0, 0.0, 0.0, 0.0, 0.0, 0.0, 0.0, 0.0, 0.0, 0.0, 0.0, 0.0, 0.0, 0.0, 0.0, 0.0, 0.0, 0.0, 0.0, 0.0, 0.0, 0.0, 0.0]}