{"train_accuracy": [0.0975, 0.5055, 0.5275, 0.544, 0.5575, 0.5705, 0.5775, 0.5775, 0.582, 0.5875, 0.589, 0.592, 0.5955, 0.5965, 0.5965, 0.5995, 0.6015, 0.6015, 0.6025, 0.603, 0.604, 0.607, 0.608, 0.6095, 0.609, 0.609, 0.6095, 0.61, 0.611, 0.6105, 0.612, 0.612, 0.613, 0.6145, 0.615, 0.6155, 0.615, 0.617, 0.618, 0.619, 0.62, 0.6205, 0.622, 0.6215, 0.621, 0.622, 0.625, 0.6265, 0.6265, 0.6275, 0.628], "validation_accuracy": [0.094, 0.51, 0.5315, 0.551, 0.56, 0.575, 0.5795, 0.585, 0.59, 0.5935, 0.5925, 0.5935, 0.597, 0.5975, 0.6015, 0.601, 0.602, 0.6035, 0.603, 0.604, 0.6045, 0.605, 0.6045, 0.6065, 0.606, 0.6065, 0.6085, 0.609, 0.6095, 0.611, 0.6115, 0.611, 0.612, 0.612, 0.6115, 0.613, 0.6125, 0.6115, 0.613, 0.61, 0.6115, 0.6125, 0.613, 0.612, 0.6135, 0.613, 0.6145, 0.615, 0.6165, 0.6175, 0.6175], "train_loss": [2.3025317192077637, 1.2433156967163086, 1.1680727005004883, 1.1245317459106445, 1.0948810577392578, 1.0719588994979858, 1.0552716255187988, 1.041417121887207, 1.0292657613754272, 1.0162988901138306, 1.0073603391647339, 0.9991040825843811, 0.9919237494468689, 0.9861502051353455, 0.980472981929779, 0.9747716188430786, 0.9704124927520752, 0.9664353728294373, 0.9627422094345093, 0.9589489698410034, 0.9555103182792664, 0.9525003433227539, 0.9502968788146973, 0.9477227926254272, 0.944469153881073, 0.9424610733985901, 0.9400060176849365, 0.9376428127288818, 0.9353350400924683, 0.9331454634666443, 0.9317748546600342, 0.9294777512550354, 0.9278565645217896, 0.92536461353302, 0.9232677221298218, 0.9208217859268188, 0.9177137613296509, 0.9154537320137024, 0.9128455519676208, 0.9104884266853333, 0.9074474573135376, 0.9051029086112976, 0.9035845994949341, 0.9019546508789062, 0.9003284573554993, 0.8981009125709534, 0.8953323364257812, 0.8934063911437988, 0.8914496898651123, 0.8894994258880615, 0.8874372243881226], "validation_loss": [2.3022043704986572, 1.2317475080490112, 1.1557185649871826, 1.1128430366516113, 1.0839109420776367, 1.0615793466567993, 1.0459343194961548, 1.033974528312683, 1.0232514142990112, 1.0118576288223267, 1.0043827295303345, 0.9975317716598511, 0.991317093372345, 0.9871354103088379, 0.9831401705741882, 0.9793330430984497, 0.9765530228614807, 0.9741494655609131, 0.9719834327697754, 0.9698161482810974, 0.9680256247520447, 0.9669370055198669, 0.9662275314331055, 0.9648623466491699, 0.9632761478424072, 0.9628801941871643, 0.9622999429702759, 0.9614715576171875, 0.9602658748626709, 0.9600820541381836, 0.9600783586502075, 0.9597698450088501, 0.959193766117096, 0.9587845802307129, 0.9589152336120605, 0.9586212635040283, 0.9574234485626221, 0.9572405219078064, 0.9566066265106201, 0.9566238522529602, 0.9559977054595947, 0.9562180638313293, 0.9565671682357788, 0.957438588142395, 0.9583615660667419, 0.958961009979248, 0.9588028192520142, 0.959378182888031, 0.9597620368003845, 0.9606422185897827, 0.9607391357421875], "train_gradient_norm": [2.578545331954956, 1.9723223447799683, 1.7303433418273926, 1.8506771326065063, 1.9579260349273682, 2.0014379024505615, 2.0931198596954346, 2.0836129188537598, 2.066286563873291, 2.1384472846984863, 2.1249442100524902, 2.1294338703155518, 2.1976358890533447, 2.292497158050537, 2.3541252613067627, 2.4172027111053467, 2.482736110687256, 2.580836296081543, 2.609429359436035, 2.6923675537109375, 2.7493250370025635, 2.83288311958313, 2.905945301055908, 2.925713539123535, 2.985671281814575, 3.0767922401428223, 3.090808391571045, 3.1198458671569824, 3.190027952194214, 3.2108685970306396, 3.293973684310913, 3.334069013595581, 3.3418023586273193, 3.3919739723205566, 3.4152963161468506, 3.3940799236297607, 3.434743881225586, 3.5253469944000244, 3.493227243423462, 3.5488247871398926, 3.6387388706207275, 3.7029879093170166, 3.841803789138794, 3.814241886138916, 3.891033172607422, 3.8905723094940186, 3.905622959136963, 3.962857723236084, 4.0228753089904785, 4.11584997177124]}