{"train_accuracy": [0.0975, 0.459, 0.5135, 0.533, 0.542, 0.546, 0.55, 0.5585, 0.566, 0.5695, 0.574, 0.577, 0.5795, 0.5815, 0.5865, 0.588, 0.589, 0.593, 0.595, 0.6, 0.603, 0.6055, 0.606, 0.6105, 0.6135, 0.617, 0.6205, 0.6245, 0.626, 0.6265, 0.6295, 0.6325, 0.6325, 0.6335, 0.6345, 0.6345, 0.636, 0.636, 0.635, 0.637, 0.6385, 0.64, 0.6425, 0.644, 0.646, 0.6465, 0.647, 0.6485, 0.649, 0.6495, 0.6495], "validation_accuracy": [0.097, 0.4385, 0.5, 0.5295, 0.5445, 0.55, 0.556, 0.562, 0.565, 0.569, 0.569, 0.5695, 0.571, 0.574, 0.576, 0.5795, 0.5795, 0.5855, 0.5905, 0.594, 0.5965, 0.6015, 0.607, 0.6085, 0.612, 0.613, 0.6165, 0.621, 0.6225, 0.626, 0.628, 0.6255, 0.628, 0.629, 0.6295, 0.631, 0.634, 0.6325, 0.6335, 0.6335, 0.633, 0.6335, 0.6345, 0.636, 0.637, 0.637, 0.6385, 0.6395, 0.6395, 0.6405, 0.642], "train_loss": [2.3030338287353516, 1.6195425987243652, 1.4410979747772217, 1.3497364521026611, 1.2949965000152588, 1.2643393278121948, 1.244599461555481, 1.2306240797042847, 1.2194985151290894, 1.2098300457000732, 1.201423168182373, 1.1954766511917114, 1.1879794597625732, 1.1810551881790161, 1.1748170852661133, 1.1692330837249756, 1.1640064716339111, 1.159414529800415, 1.1548725366592407, 1.1509891748428345, 1.147012710571289, 1.1434569358825684, 1.14042067527771, 1.137227177619934, 1.134000539779663, 1.1309247016906738, 1.128229022026062, 1.1256403923034668, 1.1233232021331787, 1.1206676959991455, 1.1178174018859863, 1.1157586574554443, 1.1140965223312378, 1.1119588613510132, 1.1095885038375854, 1.1070315837860107, 1.1048479080200195, 1.1024645566940308, 1.1003854274749756, 1.098191499710083, 1.096096158027649, 1.0947303771972656, 1.0926991701126099, 1.0902981758117676, 1.0885359048843384, 1.0866001844406128, 1.0846116542816162, 1.082923412322998, 1.0815163850784302, 1.0796645879745483, 1.077961802482605], "validation_loss": [2.3035311698913574, 1.6605340242385864, 1.4833546876907349, 1.3916658163070679, 1.335971713066101, 1.3049887418746948, 1.2844383716583252, 1.27000892162323, 1.2574899196624756, 1.2473708391189575, 1.2391669750213623, 1.2321722507476807, 1.2252556085586548, 1.2188448905944824, 1.212870717048645, 1.2075563669204712, 1.2021701335906982, 1.1973087787628174, 1.1923450231552124, 1.1879721879959106, 1.1839829683303833, 1.180206298828125, 1.17664635181427, 1.1730167865753174, 1.169394612312317, 1.1662427186965942, 1.1634093523025513, 1.160365343093872, 1.1576812267303467, 1.154923439025879, 1.1520607471466064, 1.1497780084609985, 1.1474930047988892, 1.1450999975204468, 1.142801284790039, 1.1405187845230103, 1.1385754346847534, 1.1367164850234985, 1.1348743438720703, 1.1332051753997803, 1.1316643953323364, 1.130703330039978, 1.128733515739441, 1.1267423629760742, 1.125146508216858, 1.1237703561782837, 1.122141718864441, 1.120753526687622, 1.119651198387146, 1.118367314338684, 1.1169400215148926], "train_gradient_norm": [0.5617369413375854, 1.4705203771591187, 1.9193018674850464, 1.899056077003479, 2.0048768520355225, 2.1392619609832764, 1.7754977941513062, 1.8359264135360718, 1.8507919311523438, 1.9217644929885864, 1.9897658824920654, 2.1224589347839355, 2.225639820098877, 2.287170648574829, 2.265697717666626, 2.2325642108917236, 2.2119197845458984, 2.1556684970855713, 2.087531328201294, 2.083533525466919, 2.1203770637512207, 2.0955023765563965, 2.059542417526245, 2.0239410400390625, 1.9963892698287964, 2.014470100402832, 1.9928369522094727, 2.0086519718170166, 2.0235695838928223, 2.0020792484283447, 1.9911812543869019, 2.0436699390411377, 2.023857593536377, 2.027488946914673, 2.0452017784118652, 2.037510871887207, 2.0556156635284424, 2.1171863079071045, 2.0909292697906494, 2.10870361328125, 1.8534907102584839, 1.8299449682235718, 2.1361875534057617, 2.1217336654663086, 2.160557508468628, 2.1509997844696045, 2.1570515632629395, 2.1597728729248047, 2.165771722793579, 2.1931471824645996]}