{"train_accuracy": [0.071, 0.826, 0.8605, 0.868, 0.878, 0.8835, 0.8865, 0.8925, 0.895, 0.897, 0.9005, 0.903, 0.904, 0.9065, 0.9085, 0.9135, 0.9145, 0.915, 0.9175, 0.918, 0.92, 0.921, 0.9235, 0.9245, 0.9245, 0.9265, 0.9265, 0.93, 0.9305, 0.9315, 0.9335, 0.9355, 0.936, 0.9375, 0.9375, 0.941, 0.94, 0.941, 0.9415, 0.941, 0.9415, 0.942, 0.9445, 0.9455, 0.943, 0.9475, 0.9495, 0.9505, 0.948, 0.949, 0.951], "validation_accuracy": [0.069, 0.8215, 0.8495, 0.857, 0.863, 0.8665, 0.869, 0.872, 0.8735, 0.8685, 0.8725, 0.877, 0.8805, 0.882, 0.883, 0.8845, 0.8855, 0.887, 0.888, 0.8895, 0.8875, 0.8865, 0.8855, 0.886, 0.8895, 0.892, 0.891, 0.8915, 0.8915, 0.893, 0.892, 0.8915, 0.8915, 0.8905, 0.8905, 0.8895, 0.888, 0.888, 0.889, 0.8875, 0.889, 0.8875, 0.8875, 0.8875, 0.8865, 0.886, 0.8835, 0.8845, 0.882, 0.8825, 0.88], "train_loss": [2.3050670623779297, 0.48798102140426636, 0.39278724789619446, 0.3598534166812897, 0.3398703932762146, 0.3264409303665161, 0.3158802390098572, 0.3065284490585327, 0.29809272289276123, 0.29002901911735535, 0.2816293239593506, 0.27436861395835876, 0.26776123046875, 0.2613738477230072, 0.25484687089920044, 0.24889588356018066, 0.2427072376012802, 0.23721937835216522, 0.2323054075241089, 0.22780431807041168, 0.2235882729291916, 0.21973763406276703, 0.2159544974565506, 0.21170157194137573, 0.20740920305252075, 0.20406553149223328, 0.2007250338792801, 0.19675013422966003, 0.19351568818092346, 0.19072993099689484, 0.18688997626304626, 0.18369482457637787, 0.18079645931720734, 0.17737561464309692, 0.1742791086435318, 0.17159567773342133, 0.16875718533992767, 0.16699573397636414, 0.16339775919914246, 0.16283921897411346, 0.16041190922260284, 0.1595267802476883, 0.1560182273387909, 0.15486383438110352, 0.15514929592609406, 0.15293212234973907, 0.14817814528942108, 0.14548802375793457, 0.14784029126167297, 0.14756131172180176, 0.13946472108364105], "validation_loss": [2.3050789833068848, 0.498616486787796, 0.4189473092556, 0.39210328459739685, 0.377084344625473, 0.3672105669975281, 0.3605497479438782, 0.354585736989975, 0.3496721088886261, 0.3466779887676239, 0.3426952660083771, 0.3391806483268738, 0.33631712198257446, 0.33398765325546265, 0.3310891389846802, 0.32950830459594727, 0.3271987736225128, 0.32556870579719543, 0.32436293363571167, 0.32420554757118225, 0.32343190908432007, 0.3239871561527252, 0.3243667185306549, 0.32489949464797974, 0.32610613107681274, 0.32679736614227295, 0.3289636969566345, 0.3308878242969513, 0.33592984080314636, 0.3369864523410797, 0.3383454978466034, 0.34093061089515686, 0.3451586365699768, 0.34929153323173523, 0.3532519042491913, 0.35803839564323425, 0.36298510432243347, 0.3676023483276367, 0.37258946895599365, 0.3803706765174866, 0.3903980851173401, 0.39483195543289185, 0.403866171836853, 0.4104529023170471, 0.4184913635253906, 0.42616087198257446, 0.43725115060806274, 0.44223752617836, 0.45741623640060425, 0.4647071361541748, 0.46684539318084717], "train_gradient_norm": [1.7895634174346924, 1.8272286653518677, 1.8932186365127563, 1.9909626245498657, 2.050793170928955, 2.1127207279205322, 2.1491405963897705, 2.15688157081604, 2.1459405422210693, 2.1472795009613037, 2.11505126953125, 2.052123546600342, 2.00763201713562, 2.0180935859680176, 1.9928839206695557, 2.007214069366455, 1.9773091077804565, 2.0520784854888916, 1.9907220602035522, 2.0084290504455566, 1.9877344369888306, 1.9545180797576904, 1.9952645301818848, 1.9447681903839111, 1.9211554527282715, 1.8968721628189087, 1.9335334300994873, 1.9130810499191284, 1.920100212097168, 1.8854384422302246, 1.8698757886886597, 1.8792803287506104, 1.8459287881851196, 1.7951024770736694, 1.7583507299423218, 1.6884644031524658, 1.6844109296798706, 1.6731204986572266, 1.6812217235565186, 1.6109318733215332, 1.6413371562957764, 1.5814898014068604, 1.5817822217941284, 1.6115003824234009, 1.7161459922790527, 1.7474679946899414, 1.6522914171218872, 1.754018783569336, 1.7687609195709229, 1.9273386001586914]}